{
    "rmse": 0.7316806968019184,
    "mae": 0.5632490171581703,
    "r2": 0.21902038921209588
}